-- --------------------------------------------------------
-- Host:                         127.0.0.1
-- Server version:               10.4.8-MariaDB - mariadb.org binary distribution
-- Server OS:                    Win64
-- HeidiSQL Version:             11.3.0.6295
-- --------------------------------------------------------

/*!40101 SET @OLD_CHARACTER_SET_CLIENT=@@CHARACTER_SET_CLIENT */;
/*!40101 SET NAMES utf8 */;
/*!50503 SET NAMES utf8mb4 */;
/*!40014 SET @OLD_FOREIGN_KEY_CHECKS=@@FOREIGN_KEY_CHECKS, FOREIGN_KEY_CHECKS=0 */;
/*!40101 SET @OLD_SQL_MODE=@@SQL_MODE, SQL_MODE='NO_AUTO_VALUE_ON_ZERO' */;
/*!40111 SET @OLD_SQL_NOTES=@@SQL_NOTES, SQL_NOTES=0 */;


-- Dumping database structure for spk_km
CREATE DATABASE IF NOT EXISTS `spk_km` /*!40100 DEFAULT CHARACTER SET utf8mb4 */;
USE `spk_km`;

-- Dumping structure for table spk_km.alternatif
CREATE TABLE IF NOT EXISTS `alternatif` (
  `ID_KRITERIA` int(11) NOT NULL AUTO_INCREMENT,
  `ID_PENDUDUK` int(11) NOT NULL,
  `LUAS_LANTAI` int(11) NOT NULL,
  `JENIS_LANTAI` int(11) NOT NULL,
  `JENIS_DINDING` int(11) NOT NULL,
  `TIDAKADA_KM` int(11) NOT NULL,
  `PAKAIAN` int(11) NOT NULL,
  `LAMPU` int(11) NOT NULL,
  `AIR_MINUM` int(11) NOT NULL,
  `BAHAN_BAKAR` int(11) NOT NULL,
  `KONSUMSI_DAGING` int(11) NOT NULL,
  `MAKAN_SEHARI` int(11) NOT NULL,
  `BAYAR_OBAT` int(11) NOT NULL,
  `PENGHASILAN` int(11) NOT NULL,
  `PENDIDIKAN` int(11) NOT NULL,
  `TABUNGAN` int(11) NOT NULL,
  PRIMARY KEY (`ID_KRITERIA`),
  KEY `ID_PENDUDUK` (`ID_PENDUDUK`),
  CONSTRAINT `FK_kriteria_penduduk` FOREIGN KEY (`ID_PENDUDUK`) REFERENCES `penduduk` (`ID_PENDUDUK`)
) ENGINE=InnoDB AUTO_INCREMENT=263 DEFAULT CHARSET=latin1;

-- Dumping data for table spk_km.alternatif: ~233 rows (approximately)
/*!40000 ALTER TABLE `alternatif` DISABLE KEYS */;
INSERT INTO `alternatif` (`ID_KRITERIA`, `ID_PENDUDUK`, `LUAS_LANTAI`, `JENIS_LANTAI`, `JENIS_DINDING`, `TIDAKADA_KM`, `PAKAIAN`, `LAMPU`, `AIR_MINUM`, `BAHAN_BAKAR`, `KONSUMSI_DAGING`, `MAKAN_SEHARI`, `BAYAR_OBAT`, `PENGHASILAN`, `PENDIDIKAN`, `TABUNGAN`) VALUES
	(1, 1, 4, 3, 3, 2, 3, 2, 4, 1, 1, 4, 1, 2, 4, 4),
	(2, 2, 2, 1, 1, 1, 1, 1, 3, 2, 1, 2, 3, 3, 1, 3),
	(3, 3, 1, 1, 4, 3, 3, 1, 2, 4, 2, 1, 3, 4, 1, 1),
	(4, 4, 4, 1, 4, 3, 2, 4, 2, 4, 4, 1, 4, 1, 3, 1),
	(5, 5, 2, 4, 4, 2, 2, 1, 3, 1, 2, 2, 1, 3, 2, 2),
	(6, 6, 3, 4, 1, 4, 1, 3, 2, 4, 3, 2, 2, 1, 4, 1),
	(7, 7, 2, 1, 1, 1, 4, 3, 1, 1, 2, 2, 2, 4, 2, 1),
	(8, 8, 4, 4, 1, 4, 1, 4, 1, 2, 3, 3, 2, 4, 1, 2),
	(9, 9, 3, 1, 4, 1, 2, 4, 3, 1, 4, 2, 2, 2, 4, 1),
	(10, 10, 2, 2, 2, 4, 1, 2, 3, 2, 4, 1, 2, 4, 4, 1),
	(11, 11, 3, 1, 4, 2, 2, 3, 2, 2, 2, 1, 2, 2, 3, 2),
	(12, 12, 2, 1, 2, 1, 3, 2, 4, 3, 1, 1, 3, 4, 3, 3),
	(13, 13, 1, 2, 4, 1, 4, 3, 2, 2, 2, 1, 1, 3, 1, 4),
	(14, 14, 2, 1, 2, 2, 1, 4, 4, 4, 4, 2, 4, 4, 1, 3),
	(15, 15, 3, 3, 2, 1, 2, 4, 3, 4, 3, 4, 1, 2, 1, 1),
	(16, 16, 2, 2, 4, 2, 3, 2, 2, 4, 4, 4, 2, 4, 3, 1),
	(17, 17, 1, 4, 4, 1, 1, 2, 4, 2, 2, 1, 3, 4, 1, 2),
	(18, 18, 2, 3, 1, 1, 2, 2, 1, 3, 4, 3, 3, 1, 4, 4),
	(19, 19, 2, 2, 2, 1, 4, 4, 2, 1, 1, 4, 4, 4, 1, 2),
	(20, 20, 3, 3, 2, 2, 1, 2, 1, 1, 2, 1, 4, 1, 3, 4),
	(21, 21, 1, 4, 2, 3, 1, 4, 1, 4, 4, 2, 4, 1, 2, 2),
	(22, 22, 2, 1, 2, 2, 3, 3, 1, 4, 3, 2, 3, 2, 1, 3),
	(23, 23, 2, 3, 2, 3, 1, 2, 1, 4, 1, 3, 4, 4, 3, 4),
	(24, 24, 2, 3, 4, 1, 3, 3, 4, 1, 2, 4, 3, 1, 4, 3),
	(25, 25, 4, 1, 3, 4, 4, 3, 2, 2, 3, 4, 2, 4, 2, 4),
	(26, 26, 2, 4, 4, 2, 4, 2, 1, 2, 1, 1, 1, 3, 1, 3),
	(27, 27, 1, 2, 1, 2, 4, 1, 3, 3, 2, 4, 1, 3, 4, 4),
	(28, 28, 3, 4, 3, 2, 4, 1, 1, 1, 2, 1, 3, 2, 1, 4),
	(29, 29, 2, 1, 1, 1, 3, 4, 3, 1, 4, 2, 4, 4, 1, 3),
	(30, 30, 1, 1, 1, 3, 2, 1, 4, 1, 4, 3, 3, 3, 2, 4),
	(31, 31, 2, 3, 3, 2, 1, 3, 1, 3, 3, 1, 2, 3, 3, 4),
	(32, 32, 3, 3, 3, 3, 2, 2, 3, 1, 3, 1, 3, 3, 4, 1),
	(33, 33, 3, 3, 2, 3, 3, 3, 3, 1, 4, 1, 2, 1, 1, 1),
	(34, 34, 3, 1, 2, 3, 2, 4, 1, 4, 3, 3, 2, 4, 4, 2),
	(35, 35, 2, 2, 2, 3, 2, 4, 2, 2, 3, 3, 2, 3, 4, 3),
	(36, 36, 1, 3, 2, 4, 1, 1, 1, 1, 3, 4, 1, 2, 2, 3),
	(37, 37, 4, 1, 3, 4, 3, 3, 1, 1, 1, 4, 3, 1, 2, 3),
	(38, 38, 3, 3, 1, 4, 2, 1, 2, 3, 3, 1, 2, 3, 1, 2),
	(39, 39, 4, 4, 4, 4, 4, 3, 1, 4, 4, 4, 1, 3, 4, 4),
	(40, 40, 2, 4, 1, 4, 2, 4, 4, 2, 3, 1, 2, 3, 2, 4),
	(41, 41, 2, 4, 2, 3, 1, 1, 2, 1, 3, 2, 4, 4, 2, 4),
	(42, 42, 4, 3, 3, 1, 3, 4, 1, 4, 1, 3, 1, 2, 1, 2),
	(43, 43, 2, 3, 1, 4, 1, 1, 4, 3, 4, 3, 4, 2, 1, 1),
	(44, 44, 2, 2, 1, 4, 2, 3, 3, 1, 1, 3, 4, 3, 3, 3),
	(45, 45, 3, 1, 2, 1, 3, 3, 4, 2, 4, 4, 1, 1, 4, 3),
	(46, 46, 3, 1, 4, 2, 2, 2, 3, 2, 4, 1, 1, 2, 4, 4),
	(47, 47, 4, 3, 4, 4, 1, 4, 4, 4, 3, 4, 2, 2, 3, 2),
	(48, 48, 2, 3, 4, 1, 4, 4, 3, 1, 3, 2, 1, 1, 3, 1),
	(49, 49, 3, 4, 2, 3, 3, 3, 1, 3, 1, 1, 1, 1, 4, 1),
	(50, 50, 2, 3, 1, 1, 3, 4, 2, 3, 2, 3, 3, 1, 2, 3),
	(51, 51, 3, 2, 3, 4, 2, 2, 3, 1, 3, 1, 1, 3, 3, 4),
	(52, 52, 1, 2, 1, 1, 3, 2, 2, 1, 1, 3, 1, 2, 1, 3),
	(53, 53, 1, 1, 4, 2, 3, 2, 1, 2, 2, 2, 4, 3, 2, 2),
	(54, 54, 2, 1, 1, 2, 4, 3, 2, 1, 1, 1, 3, 2, 1, 1),
	(55, 55, 1, 3, 4, 1, 2, 4, 1, 1, 1, 1, 4, 1, 4, 2),
	(56, 56, 2, 3, 2, 1, 4, 4, 2, 4, 3, 4, 1, 4, 1, 3),
	(57, 57, 4, 2, 3, 2, 1, 2, 4, 1, 3, 4, 3, 1, 1, 4),
	(58, 58, 4, 2, 4, 2, 2, 1, 1, 2, 3, 4, 2, 2, 1, 4),
	(59, 59, 2, 4, 2, 3, 1, 1, 3, 1, 3, 2, 4, 3, 3, 2),
	(60, 60, 2, 4, 2, 1, 3, 1, 3, 3, 4, 3, 1, 4, 4, 1),
	(61, 61, 2, 4, 3, 1, 1, 1, 1, 3, 1, 1, 1, 4, 2, 2),
	(62, 62, 2, 3, 1, 3, 1, 1, 3, 4, 4, 3, 1, 4, 2, 4),
	(63, 63, 3, 2, 4, 2, 1, 4, 2, 2, 1, 1, 3, 1, 4, 4),
	(64, 64, 2, 2, 4, 1, 4, 2, 3, 4, 1, 3, 4, 4, 2, 4),
	(65, 65, 4, 4, 2, 3, 3, 4, 3, 1, 4, 1, 2, 1, 3, 2),
	(66, 66, 2, 4, 4, 4, 3, 2, 3, 2, 1, 2, 4, 1, 2, 2),
	(67, 67, 3, 1, 1, 4, 4, 4, 2, 4, 2, 3, 2, 3, 2, 4),
	(68, 68, 3, 4, 3, 4, 2, 3, 3, 4, 3, 1, 2, 4, 1, 4),
	(69, 69, 1, 4, 2, 2, 3, 4, 4, 4, 4, 1, 4, 4, 1, 1),
	(70, 70, 3, 4, 4, 2, 4, 4, 4, 4, 1, 3, 1, 1, 1, 4),
	(71, 71, 2, 4, 3, 1, 4, 2, 4, 2, 3, 4, 3, 1, 1, 2),
	(72, 72, 3, 4, 4, 2, 2, 4, 4, 4, 3, 2, 3, 1, 4, 4),
	(73, 73, 4, 3, 1, 2, 3, 1, 4, 1, 3, 2, 3, 1, 3, 1),
	(74, 74, 4, 1, 4, 2, 2, 1, 3, 3, 4, 1, 1, 2, 1, 4),
	(75, 75, 1, 1, 4, 4, 3, 3, 4, 2, 4, 4, 2, 3, 2, 1),
	(76, 76, 1, 3, 3, 3, 2, 2, 4, 1, 1, 4, 2, 3, 1, 2),
	(77, 77, 1, 3, 2, 1, 3, 4, 2, 3, 4, 3, 4, 3, 2, 2),
	(78, 78, 1, 3, 2, 2, 3, 1, 2, 1, 4, 2, 2, 1, 4, 4),
	(79, 79, 1, 4, 4, 1, 3, 2, 3, 1, 3, 2, 1, 1, 4, 3),
	(80, 80, 1, 2, 2, 3, 4, 3, 2, 2, 1, 4, 1, 3, 2, 4),
	(81, 81, 3, 4, 4, 2, 4, 4, 4, 4, 1, 3, 1, 1, 4, 1),
	(82, 82, 2, 4, 4, 3, 1, 4, 1, 3, 2, 4, 1, 1, 1, 2),
	(83, 83, 3, 4, 4, 4, 2, 1, 3, 4, 4, 4, 4, 3, 2, 2),
	(84, 84, 3, 2, 2, 2, 3, 3, 4, 2, 3, 4, 1, 4, 2, 4),
	(85, 85, 4, 4, 4, 2, 3, 1, 2, 1, 3, 4, 2, 4, 4, 3),
	(86, 86, 3, 2, 3, 1, 3, 4, 1, 1, 3, 3, 3, 3, 4, 2),
	(87, 87, 3, 4, 3, 4, 2, 3, 1, 2, 3, 4, 4, 3, 1, 1),
	(88, 88, 1, 1, 4, 2, 4, 3, 1, 4, 3, 3, 2, 3, 4, 3),
	(89, 89, 1, 3, 3, 1, 1, 3, 2, 1, 4, 3, 1, 4, 2, 1),
	(90, 90, 2, 2, 1, 3, 3, 2, 4, 3, 1, 3, 1, 1, 4, 3),
	(91, 91, 3, 4, 1, 2, 4, 4, 2, 3, 1, 4, 4, 3, 4, 2),
	(92, 92, 3, 2, 4, 2, 3, 1, 3, 1, 1, 1, 3, 3, 4, 3),
	(93, 93, 3, 2, 4, 4, 1, 2, 4, 2, 3, 4, 3, 1, 3, 2),
	(94, 94, 3, 4, 2, 2, 2, 1, 4, 2, 2, 4, 4, 3, 2, 1),
	(95, 95, 3, 3, 1, 2, 1, 1, 1, 4, 1, 3, 1, 4, 4, 2),
	(96, 96, 4, 3, 3, 1, 1, 2, 4, 1, 2, 1, 3, 2, 2, 1),
	(97, 97, 3, 1, 3, 3, 1, 1, 1, 1, 4, 3, 4, 1, 4, 3),
	(98, 98, 3, 3, 2, 1, 3, 2, 2, 4, 3, 4, 3, 2, 1, 3),
	(99, 99, 2, 3, 3, 1, 2, 3, 4, 4, 1, 1, 3, 2, 1, 2),
	(100, 100, 1, 1, 2, 3, 2, 4, 4, 1, 3, 1, 3, 1, 1, 1),
	(101, 101, 3, 2, 1, 2, 4, 4, 3, 1, 1, 1, 2, 3, 4, 3),
	(102, 102, 2, 2, 3, 2, 1, 1, 4, 4, 3, 1, 2, 1, 4, 1),
	(103, 103, 4, 2, 2, 4, 1, 2, 3, 2, 3, 1, 2, 2, 3, 4),
	(104, 104, 3, 2, 1, 2, 4, 1, 3, 1, 2, 3, 1, 1, 3, 2),
	(105, 105, 1, 2, 1, 3, 4, 4, 4, 3, 2, 1, 4, 4, 3, 2),
	(106, 106, 2, 3, 2, 2, 3, 1, 2, 3, 4, 3, 3, 4, 4, 4),
	(107, 107, 1, 4, 1, 1, 4, 1, 3, 3, 4, 4, 2, 3, 3, 2),
	(108, 108, 2, 3, 1, 1, 1, 3, 2, 4, 4, 2, 4, 4, 1, 4),
	(109, 109, 2, 3, 4, 1, 4, 4, 2, 2, 3, 3, 4, 3, 4, 1),
	(110, 110, 4, 1, 4, 3, 3, 1, 1, 4, 3, 2, 4, 4, 4, 1),
	(111, 111, 3, 4, 3, 1, 4, 3, 4, 2, 2, 3, 4, 4, 3, 2),
	(112, 112, 1, 2, 4, 2, 3, 2, 1, 1, 3, 4, 1, 4, 1, 3),
	(113, 113, 4, 2, 2, 3, 2, 3, 3, 4, 2, 4, 1, 3, 1, 3),
	(114, 114, 4, 3, 2, 3, 3, 3, 4, 2, 2, 4, 1, 4, 2, 1),
	(115, 115, 3, 1, 2, 2, 1, 4, 2, 3, 1, 3, 3, 2, 2, 3),
	(116, 116, 4, 3, 1, 1, 2, 1, 4, 3, 2, 4, 3, 4, 3, 2),
	(117, 117, 2, 2, 4, 3, 3, 4, 3, 3, 4, 2, 2, 2, 2, 1),
	(118, 118, 4, 2, 3, 1, 4, 1, 3, 2, 3, 2, 4, 3, 4, 4),
	(119, 119, 2, 4, 1, 1, 2, 3, 3, 2, 4, 2, 2, 3, 2, 1),
	(120, 120, 4, 4, 2, 4, 4, 4, 3, 4, 4, 2, 3, 3, 2, 2),
	(121, 121, 2, 4, 2, 2, 1, 1, 4, 1, 4, 4, 1, 2, 4, 2),
	(122, 122, 4, 3, 4, 3, 2, 4, 2, 4, 2, 2, 1, 4, 3, 4),
	(123, 123, 1, 2, 2, 2, 3, 3, 3, 1, 4, 4, 3, 4, 4, 3),
	(124, 124, 4, 1, 1, 2, 2, 2, 2, 3, 3, 3, 4, 2, 3, 3),
	(125, 125, 3, 2, 2, 1, 1, 2, 3, 2, 3, 1, 2, 2, 2, 3),
	(126, 126, 4, 2, 1, 1, 2, 2, 4, 4, 1, 3, 4, 3, 1, 4),
	(127, 127, 4, 4, 4, 4, 3, 2, 3, 4, 4, 4, 2, 2, 3, 3),
	(128, 128, 1, 4, 3, 1, 1, 2, 3, 2, 3, 1, 4, 3, 3, 2),
	(129, 129, 3, 1, 3, 3, 3, 2, 3, 4, 4, 3, 2, 2, 4, 4),
	(130, 130, 3, 2, 1, 4, 1, 3, 4, 1, 3, 4, 3, 3, 3, 2),
	(131, 131, 4, 2, 3, 4, 1, 3, 3, 1, 1, 1, 3, 3, 2, 4),
	(132, 132, 4, 3, 4, 2, 4, 4, 4, 3, 4, 3, 3, 2, 4, 2),
	(133, 133, 2, 1, 4, 4, 1, 4, 3, 2, 1, 4, 1, 4, 4, 3),
	(134, 134, 2, 1, 3, 2, 1, 2, 2, 2, 2, 4, 3, 4, 1, 1),
	(135, 135, 1, 3, 1, 2, 1, 2, 2, 1, 3, 2, 1, 2, 4, 4),
	(136, 136, 1, 2, 1, 3, 3, 3, 4, 2, 2, 1, 4, 2, 4, 4),
	(137, 137, 2, 4, 4, 3, 3, 3, 3, 1, 4, 2, 2, 2, 1, 1),
	(138, 138, 1, 3, 2, 4, 1, 1, 1, 1, 4, 2, 4, 4, 3, 1),
	(139, 139, 2, 2, 1, 4, 3, 4, 1, 1, 1, 4, 1, 1, 2, 1),
	(140, 140, 3, 1, 3, 1, 3, 4, 4, 3, 3, 3, 4, 4, 3, 3),
	(141, 141, 1, 1, 2, 3, 4, 4, 2, 3, 3, 3, 1, 4, 1, 2),
	(142, 142, 3, 2, 1, 3, 3, 3, 3, 3, 3, 4, 1, 4, 2, 4),
	(143, 143, 4, 2, 3, 2, 1, 3, 3, 4, 1, 4, 2, 4, 1, 1),
	(144, 144, 1, 2, 1, 3, 4, 3, 4, 1, 4, 4, 3, 1, 3, 4),
	(145, 145, 2, 3, 1, 1, 2, 3, 3, 3, 2, 4, 2, 3, 4, 4),
	(146, 146, 3, 2, 1, 2, 3, 3, 3, 2, 3, 2, 2, 2, 2, 4),
	(147, 147, 2, 4, 2, 1, 3, 2, 1, 3, 3, 4, 3, 4, 1, 3),
	(148, 148, 4, 4, 3, 4, 2, 3, 2, 4, 3, 3, 2, 4, 1, 1),
	(149, 149, 4, 1, 4, 4, 1, 2, 2, 4, 4, 2, 2, 4, 1, 4),
	(150, 150, 4, 2, 1, 4, 1, 1, 4, 3, 1, 2, 4, 4, 4, 2),
	(151, 151, 3, 1, 1, 4, 4, 3, 2, 4, 2, 2, 3, 1, 4, 2),
	(152, 152, 4, 2, 4, 1, 2, 4, 1, 4, 1, 1, 3, 4, 3, 3),
	(153, 153, 3, 2, 4, 2, 3, 2, 2, 1, 2, 2, 4, 3, 4, 1),
	(154, 154, 2, 3, 1, 3, 3, 2, 4, 4, 3, 1, 1, 2, 3, 4),
	(155, 155, 1, 3, 3, 4, 1, 4, 1, 3, 2, 1, 2, 3, 3, 3),
	(156, 156, 2, 3, 2, 4, 3, 2, 2, 2, 2, 4, 4, 4, 1, 1),
	(157, 157, 2, 4, 3, 4, 1, 2, 2, 1, 1, 1, 3, 1, 1, 3),
	(158, 158, 3, 2, 3, 3, 4, 1, 2, 3, 1, 4, 4, 2, 3, 2),
	(159, 159, 4, 3, 4, 1, 4, 1, 3, 2, 3, 2, 4, 3, 4, 4),
	(160, 160, 4, 2, 4, 2, 4, 1, 3, 4, 1, 4, 1, 2, 3, 2),
	(161, 161, 2, 3, 4, 2, 2, 4, 2, 1, 4, 3, 1, 4, 2, 4),
	(162, 162, 3, 3, 4, 4, 2, 4, 3, 3, 2, 4, 1, 2, 4, 4),
	(163, 163, 1, 4, 4, 2, 1, 2, 4, 3, 2, 2, 3, 4, 3, 2),
	(164, 164, 3, 1, 2, 1, 2, 1, 4, 3, 3, 2, 2, 3, 2, 2),
	(165, 165, 2, 2, 1, 4, 3, 1, 4, 1, 2, 2, 2, 2, 4, 3),
	(166, 166, 4, 1, 1, 3, 3, 1, 1, 2, 4, 4, 4, 1, 1, 3),
	(167, 167, 4, 4, 2, 3, 1, 1, 1, 2, 1, 1, 3, 1, 4, 2),
	(168, 168, 2, 1, 1, 1, 1, 1, 1, 2, 1, 4, 1, 2, 3, 3),
	(169, 169, 4, 3, 1, 3, 1, 4, 2, 2, 1, 4, 2, 1, 2, 4),
	(170, 170, 3, 1, 3, 4, 1, 2, 1, 3, 3, 4, 4, 3, 4, 1),
	(171, 171, 4, 4, 2, 3, 1, 1, 4, 3, 4, 4, 4, 1, 2, 4),
	(172, 172, 3, 3, 2, 3, 4, 4, 1, 2, 3, 4, 2, 4, 2, 4),
	(173, 173, 2, 3, 4, 3, 2, 4, 3, 3, 1, 2, 1, 4, 4, 4),
	(174, 174, 2, 4, 4, 2, 2, 2, 1, 2, 1, 1, 2, 1, 1, 4),
	(175, 175, 3, 4, 2, 4, 3, 3, 3, 2, 2, 1, 3, 4, 2, 3),
	(176, 176, 4, 4, 3, 4, 1, 2, 2, 2, 1, 3, 1, 2, 3, 1),
	(177, 177, 1, 1, 3, 4, 2, 3, 3, 1, 2, 4, 2, 4, 2, 3),
	(178, 178, 1, 4, 1, 4, 3, 1, 1, 3, 1, 4, 4, 2, 2, 4),
	(179, 179, 2, 1, 2, 4, 2, 4, 2, 2, 2, 3, 1, 1, 4, 3),
	(180, 180, 1, 4, 4, 2, 3, 2, 2, 3, 1, 1, 2, 3, 1, 2),
	(181, 181, 4, 4, 3, 1, 3, 1, 4, 2, 1, 1, 1, 2, 4, 3),
	(182, 182, 4, 3, 1, 3, 4, 4, 2, 3, 3, 3, 1, 3, 2, 1),
	(183, 183, 3, 2, 4, 1, 2, 2, 4, 3, 4, 4, 2, 3, 3, 4),
	(184, 184, 3, 3, 1, 1, 4, 2, 2, 1, 2, 2, 3, 1, 3, 2),
	(185, 185, 3, 2, 2, 4, 4, 3, 3, 3, 2, 3, 3, 3, 3, 3),
	(186, 186, 1, 4, 2, 3, 2, 4, 3, 3, 1, 4, 4, 4, 2, 2),
	(187, 187, 4, 2, 1, 3, 4, 2, 1, 3, 4, 4, 4, 4, 2, 4),
	(188, 188, 3, 3, 4, 3, 2, 2, 3, 2, 3, 3, 4, 2, 2, 4),
	(189, 189, 2, 1, 2, 1, 1, 4, 2, 1, 4, 1, 1, 4, 2, 1),
	(190, 190, 3, 2, 1, 1, 1, 4, 3, 3, 2, 4, 4, 1, 1, 4),
	(191, 191, 2, 1, 4, 3, 3, 1, 4, 1, 4, 4, 1, 2, 1, 1),
	(192, 192, 3, 1, 2, 4, 2, 2, 4, 4, 4, 4, 4, 2, 2, 4),
	(193, 193, 3, 2, 3, 3, 2, 2, 3, 1, 4, 4, 3, 4, 4, 1),
	(194, 194, 2, 2, 1, 1, 2, 2, 4, 2, 4, 4, 1, 1, 3, 1),
	(195, 195, 4, 4, 1, 2, 2, 4, 1, 3, 3, 3, 3, 4, 3, 1),
	(196, 196, 1, 1, 4, 1, 1, 3, 1, 2, 1, 3, 1, 4, 3, 2),
	(197, 197, 2, 3, 2, 1, 3, 2, 3, 2, 1, 2, 4, 4, 4, 1),
	(198, 198, 2, 4, 4, 3, 2, 2, 1, 1, 4, 3, 1, 2, 3, 4),
	(199, 199, 2, 4, 2, 3, 4, 3, 3, 1, 4, 3, 3, 2, 3, 4),
	(200, 200, 1, 1, 2, 4, 2, 2, 2, 1, 1, 3, 4, 1, 1, 2),
	(201, 201, 2, 1, 1, 1, 1, 1, 2, 1, 3, 2, 3, 2, 2, 3),
	(202, 202, 2, 1, 3, 1, 2, 3, 2, 3, 1, 3, 4, 2, 2, 1),
	(203, 203, 1, 4, 3, 1, 4, 2, 1, 4, 1, 1, 2, 4, 1, 4),
	(204, 204, 3, 1, 1, 3, 4, 4, 3, 2, 1, 2, 3, 2, 3, 1),
	(205, 205, 4, 1, 1, 4, 1, 3, 4, 1, 2, 3, 1, 2, 1, 4),
	(206, 206, 1, 3, 2, 4, 2, 3, 1, 4, 3, 1, 2, 2, 3, 2),
	(207, 207, 1, 4, 1, 2, 2, 4, 3, 1, 4, 4, 2, 4, 4, 3),
	(208, 208, 4, 3, 2, 3, 1, 4, 4, 2, 2, 4, 2, 2, 3, 4),
	(209, 209, 1, 2, 1, 3, 4, 3, 4, 1, 2, 2, 4, 1, 2, 4),
	(210, 210, 3, 1, 1, 2, 3, 2, 3, 3, 3, 2, 3, 2, 3, 3),
	(211, 211, 4, 1, 2, 2, 2, 3, 4, 3, 1, 4, 4, 4, 4, 3),
	(212, 212, 2, 3, 3, 1, 2, 4, 3, 4, 3, 3, 1, 4, 3, 2),
	(213, 213, 3, 3, 4, 3, 1, 1, 2, 3, 4, 1, 1, 2, 3, 4),
	(214, 214, 3, 4, 4, 4, 1, 2, 1, 4, 2, 3, 1, 1, 4, 2),
	(215, 215, 3, 3, 2, 3, 2, 2, 2, 3, 2, 2, 4, 4, 1, 2),
	(216, 216, 4, 3, 4, 2, 2, 3, 4, 3, 1, 2, 2, 1, 3, 2),
	(217, 217, 2, 2, 2, 4, 4, 3, 3, 2, 4, 1, 3, 3, 4, 4),
	(218, 218, 1, 3, 3, 4, 4, 2, 1, 4, 2, 2, 3, 1, 1, 1),
	(219, 219, 4, 4, 4, 2, 2, 4, 1, 3, 1, 2, 3, 2, 3, 2),
	(220, 220, 2, 1, 3, 1, 4, 1, 1, 3, 2, 3, 3, 4, 4, 3),
	(221, 221, 2, 4, 2, 2, 2, 2, 3, 1, 1, 4, 3, 1, 4, 4),
	(222, 222, 2, 2, 2, 1, 2, 1, 2, 4, 2, 2, 2, 4, 1, 3),
	(223, 223, 2, 1, 3, 1, 2, 3, 3, 1, 1, 1, 3, 2, 3, 2),
	(224, 224, 1, 1, 2, 4, 4, 1, 1, 4, 2, 4, 4, 1, 4, 2),
	(225, 225, 2, 1, 3, 3, 2, 2, 1, 1, 4, 4, 4, 3, 2, 2),
	(226, 226, 4, 4, 4, 2, 3, 4, 4, 4, 4, 3, 2, 2, 1, 4),
	(261, 256, 2, 1, 1, 1, 1, 1, 1, 2, 1, 1, 1, 1, 1, 1),
	(262, 257, 2, 2, 1, 2, 1, 1, 1, 3, 1, 2, 1, 1, 1, 3);
/*!40000 ALTER TABLE `alternatif` ENABLE KEYS */;

-- Dumping structure for table spk_km.bobot_kriteria
CREATE TABLE IF NOT EXISTS `bobot_kriteria` (
  `ID_BOBOT` int(11) NOT NULL AUTO_INCREMENT,
  `ID_USER` int(11) DEFAULT NULL,
  `NAMA_KRITERIA` varchar(50) NOT NULL,
  `JENIS` varchar(50) NOT NULL,
  `BOBOT` int(11) NOT NULL,
  PRIMARY KEY (`ID_BOBOT`),
  KEY `ID_USER` (`ID_USER`),
  CONSTRAINT `FK_bobot_kriteria_user` FOREIGN KEY (`ID_USER`) REFERENCES `user` (`ID_USER`) ON DELETE NO ACTION ON UPDATE NO ACTION
) ENGINE=InnoDB AUTO_INCREMENT=15 DEFAULT CHARSET=utf8mb4;

-- Dumping data for table spk_km.bobot_kriteria: ~14 rows (approximately)
/*!40000 ALTER TABLE `bobot_kriteria` DISABLE KEYS */;
INSERT INTO `bobot_kriteria` (`ID_BOBOT`, `ID_USER`, `NAMA_KRITERIA`, `JENIS`, `BOBOT`) VALUES
	(1, 1, 'luas_lantai', 'cost', 5),
	(2, 1, 'jenis_lantai', 'cost', 4),
	(3, 1, 'jenis_dinding', 'cost', 6),
	(4, 1, 'tidakada_km', 'cost', 8),
	(5, 1, 'pakaian', 'cost', 5),
	(6, 1, 'lampu', 'cost', 6),
	(7, 1, 'air_minum', 'cost', 12),
	(8, 1, 'bahan_bakar', 'cost', 7),
	(9, 1, 'konsumsi_daging', 'cost', 8),
	(10, 1, 'makan_sehari', 'cost', 15),
	(11, 1, 'bayar_obat', 'cost', 8),
	(12, 1, 'penghasilan', 'cost', 6),
	(13, 1, 'pendidikan', 'cost', 5),
	(14, 1, 'tabungan', 'cost', 5);
/*!40000 ALTER TABLE `bobot_kriteria` ENABLE KEYS */;

-- Dumping structure for table spk_km.penduduk
CREATE TABLE IF NOT EXISTS `penduduk` (
  `ID_PENDUDUK` int(11) NOT NULL AUTO_INCREMENT,
  `NAMA_PENDUDUK` varchar(50) NOT NULL,
  `NIK` varchar(50) NOT NULL,
  `JEN_KEL` varchar(50) NOT NULL,
  `ALAMAT` varchar(50) NOT NULL,
  PRIMARY KEY (`ID_PENDUDUK`)
) ENGINE=InnoDB AUTO_INCREMENT=258 DEFAULT CHARSET=latin1;

-- Dumping data for table spk_km.penduduk: ~228 rows (approximately)
/*!40000 ALTER TABLE `penduduk` DISABLE KEYS */;
INSERT INTO `penduduk` (`ID_PENDUDUK`, `NAMA_PENDUDUK`, `NIK`, `JEN_KEL`, `ALAMAT`) VALUES
	(1, 'GABRIEL BOLI MAKING', '5313032603910001', 'LAKI - LAKI', 'RW 01 RT 01'),
	(2, 'VERONIKA SILI', '5313032623800000', 'PEREMPUAN', 'RW 01 RT 02'),
	(3, 'GASPAR LABA', '5313030107470002', 'LAKI - LAKI', 'RW 01 RT 03'),
	(4, 'THERESIA T. LANANG', '5313034107570009', 'PEREMPUAN', 'RW 01 RT 04'),
	(5, 'MARKUS M. KABELEN', '5313031303750001', 'LAKI - LAKI', 'RW 01 RT 05'),
	(6, 'YOHANES LIDAN', '5313033112350001', 'LAKI - LAKI', 'RW 01 RT 06'),
	(7, 'BERNABAS KUMBALA', '5313030309500001', 'LAKI - LAKI', 'RW 01 RT 07'),
	(8, 'LAMBERTUS OLA', '5313030205890001', 'LAKI - LAKI', 'RW 01 RT 08'),
	(9, 'BIBIANA BERIBIN', '5313034107500003', 'PEREMPUAN', 'RW 01 RT 09'),
	(10, 'SILVESTER SIKU', '5313030107420003', 'LAKI - LAKI', 'RW 01 RT 10'),
	(11, 'LAZARUS HARU', '5313031102730001', 'LAKI - LAKI', 'RW 01 RT 11'),
	(12, 'ANTONIUS KUSING', '5313031306870001', 'LAKI - LAKI', 'RW 01 RT 12'),
	(13, 'GERVASIUS BOLI', '5313030903500001', 'LAKI - LAKI', 'RW 01 RT 13'),
	(14, 'MIKAEL KEPASA', '5313032803410001', 'LAKI - LAKI', 'RW 01 RT 14'),
	(15, 'HENDRIKUS HOE', '5313032003630001', 'LAKI - LAKI', 'RW 01 RT 15'),
	(16, 'PETRUS NURENG', '5313032011640002', 'LAKI - LAKI', 'RW 01 RT 16'),
	(17, 'IRENE IRE', '5313034107400003', 'LAKI - LAKI', 'RW 01 RT 17'),
	(18, 'BERNADETE BOPO', '5313036105710001', 'PEREMPUAN', 'RW 01 RT 18'),
	(19, 'LINUS LAGA', '5313030107530001', 'LAKI - LAKI', 'RW 01 RT 19'),
	(20, 'REMIGIUS HADA', '5313031012530002', 'LAKI - LAKI', 'RW 01 RT 20'),
	(21, 'PETRUS L. LARAN', '5313030107570001', 'LAKI - LAKI', 'RW 01 RT 21'),
	(22, 'GABRIEL KEBO', '5313030402750002', 'LAKI - LAKI', 'RW 01 RT 22'),
	(23, 'THERESIA TULIT', '5313035205500003', 'PEREMPUAN', 'RW 02 RT 01'),
	(24, 'YOHANES H. NILAN', '5313031504580001', 'LAKI - LAKI', 'RW 02 RT 02'),
	(25, 'MHAMUD O. DONI', '5313031010710002', 'LAKI - LAKI', 'RW 02 RT 03'),
	(26, 'KRISTOFORUS KASA', '5313030903770001', 'LAKI - LAKI', 'RW 02 RT 04'),
	(27, 'MARTA BELINANG', '5313034107530011', 'PEREMPUAN', 'RW 02 RT 05'),
	(28, 'DOMINIKUS GORAN', '5313030902850002', 'LAKI - LAKI', 'RW 02 RT 06'),
	(29, 'BENEDIKTUS BEDA', '7602075402750002', 'LAKI - LAKI', 'RW 02 RT 07'),
	(30, 'YAKOBUS KIA', '5313030902861002', 'LAKI - LAKI', 'RW 02 RT 08'),
	(31, 'BENEDIKTUS B. NILAN', '5313030912850002', 'LAKI - LAKI', 'RW 02 RT 09'),
	(32, 'FRANSISKUS LILI', '5313030922870002', 'LAKI - LAKI', 'RW 02 RT 10'),
	(33, 'KADER KELAKE', '5313030107580001', 'LAKI - LAKI', 'RW 02 RT 11'),
	(34, 'SITI SIRIH', '5313037112510012', 'PEREMPUAN', 'RW 02 RT 12'),
	(35, 'ERNIWATI J. KEWA', '5313036709920002', 'PEREMPUAN', 'RW 02 RT 13'),
	(36, 'ANTONIUS SENGAJI', '5313030109790001', 'LAKI - LAKI', 'RW 02 RT 14'),
	(37, 'PAULUS NAMA', '5313033006610001', 'LAKI - LAKI', 'RW 02 RT 15'),
	(38, 'THERESIA BULU', '5313035510720001', 'PEREMPUAN', 'RW 02 RT 16'),
	(39, 'ANDREAS SERANI', '5313033011680003', 'LAKI - LAKI', 'RW 02 RT 17'),
	(40, 'FRANSISKUS HOE', '5313030404760002', 'LAKI - LAKI', 'RW 02 RT 18'),
	(41, 'SIRILUS KALU', '5313031404800000', 'LAKI - LAKI', 'RW 02 RT 19'),
	(42, 'ROFINUS SAMA', '5313032408390002', 'LAKI - LAKI', 'RW 02 RT 20'),
	(43, 'PETRUS PAYONG', '5313030305720001', 'LAKI - LAKI', 'RW 02 RT 21'),
	(44, 'MONIKA PERADA', '5313034808630001', 'PEREMPUAN', 'RW 03 RT 01'),
	(45, 'YOSEPH KOPONG', '5313031402780002', 'LAKI - LAKI', 'RW 03 RT 02'),
	(46, 'ELISABET RATA', '5313034207500003', 'PEREMPUAN', 'RW 03 RT 03'),
	(47, 'BALTASAR KURUBINGAN', '5313030612740002', 'LAKI - LAKI', 'RW 03 RT 04'),
	(48, 'SESILIA BULU', '5313034311490001', 'PEREMPUAN', 'RW 03 RT 05'),
	(49, 'LAURENSIUS BORO', '5313032207880001', 'LAKI - LAKI', 'RW 03 RT 06'),
	(50, 'AMANDUS LAGA', '5313030202690001', 'LAKI - LAKI', 'RW 03 RT 07'),
	(51, 'ELISABET LIPAT', '5313036707730002', 'PEREMPUAN', 'RW 03 RT 08'),
	(52, 'KRISTINA KIHE', '5313034107540002', 'PEREMPUAN', 'RW 03 RT 09'),
	(53, 'PETRUS PAULUS NERU', '5313032512690001', 'LAKI - LAKI', 'RW 03 RT 10'),
	(54, 'PATRISIUS SEMADU', '5313031108500002', 'LAKI - LAKI', 'RW 03 RT 11'),
	(55, 'LAZARUS ROKE', '5313030607650003', 'LAKI - LAKI', 'RW 03 RT 12'),
	(56, 'FRANSISKUS WEWA', '5313031003530002', 'LAKI - LAKI', 'RW 03 RT 13'),
	(57, 'LEONARDUS LERA', '5313030107580001', 'LAKI - LAKI', 'RW 03 RT 14'),
	(58, 'LINUS LIRO', '5313032403670002', 'LAKI - LAKI', 'RW 03 RT 15'),
	(59, 'FRANSISKUS S. SINA', '5313032001670001', 'LAKI - LAKI', 'RW 03 RT 16'),
	(60, 'YOSEPH KEPASA', '5313032102590002', 'LAKI - LAKI', 'RW 03 RT 17'),
	(61, 'LUKAS BABU', '5313031612720003', 'LAKI - LAKI', 'RW 03 RT 18'),
	(62, 'PETRUS BORO', '5313030107400002', 'LAKI - LAKI', 'RW 03 RT 19'),
	(63, 'WILHELMUS SOLO', '5313031003560002', 'LAKI - LAKI', 'RW 03 RT 20'),
	(64, 'YOHANES JAJI', '7602073112760051', 'LAKI - LAKI', 'RW 03 RT 21'),
	(65, 'KATARINA KEWA', '5313034107660021', 'PEREMPUAN', 'RW 04 RT 01'),
	(66, 'LAMBERTUS HULER', '5313030104760012', 'LAKI - LAKI', 'RW 04 RT 02'),
	(67, 'BERNADETE ABON', '5313034107560002', 'PEREMPUAN', 'RW 04 RT 03'),
	(68, 'SIPRIANUS P. WITIN', '5313031312860020', 'LAKI - LAKI', 'RW 04 RT 04'),
	(69, 'FRANSISKUS DOLU', '5313030803600001', 'LAKI - LAKI', 'RW 04 RT 05'),
	(70, 'SIMON SELAN', '5313035170360002', 'LAKI - LAKI', 'RW 04 RT 06'),
	(71, 'IRMINA BAREK', '5313036412420001', 'PEREMPUAN', 'RW 04 RT 07'),
	(72, 'PAULINA K. LANGOTUKAN', '5313036412520001', 'PEREMPUAN', 'RW 04 RT 08'),
	(73, 'BERNADUS BORO', '5313032802580002', 'LAKI - LAKI', 'RW 04 RT 09'),
	(74, 'ELISABET LIPA', '5313036404530001', 'PEREMPUAN', 'RW 04 RT 10'),
	(75, 'BEATRIX MESA', '5313034107550002', 'PEREMPUAN', 'RW 04 RT 11'),
	(76, 'ANASTASIA BENGANG', '5313034107580001', 'PEREMPUAN', 'RW 04 RT 12'),
	(77, 'PETRUS LESU', '5313032511560000', 'LAKI - LAKI', 'RW 04 RT 13'),
	(78, 'ELIGIUS LILI', '3531303011258000', 'LAKI - LAKI', 'RW 04 RT 14'),
	(79, 'THERESIA JAJI', '5313034311520003', 'PEREMPUAN', 'RW 04 RT 15'),
	(80, 'MARKUS MERA', '5313030107550001', 'LAKI - LAKI', 'RW 04 RT 16'),
	(81, 'MARGARETHA J. BOLENG', '5313034307570002', 'PEREMPUAN', 'RW 04 RT 17'),
	(82, 'YULIANA TUTO', '5313034107600002', 'PEREMPUAN', 'RW 04 RT 18'),
	(83, 'ESTER DUDENG', '7602073000080001', 'PEREMPUAN', 'RW 04 RT 19'),
	(84, 'KORNELIS KUMBALA', '5313030107520002', 'LAKI - LAKI', 'RW 04 RT 20'),
	(85, 'MAIMUNA PERADA', '5313034107620001', 'PEREMPUAN', 'RW 04 RT 21'),
	(86, 'GREGORIUS GERODA MAKING', '5313032106120002', 'LAKI - LAKI', 'RW 04 RT 22'),
	(87, 'LYVIA BETHSY SABAN', '5313035911920002', 'PEREMPUAN', 'RW 05 RT 01'),
	(88, 'VERONIKA SILI', '5313034512700002', 'PEREMPUAN', 'RW 05 RT 02'),
	(89, 'BERNADETE DERAN', '5313035305560001', 'PEREMPUAN', 'RW 05 RT 03'),
	(90, 'KRISTINA KELING', '5313036602760001', 'PEREMPUAN', 'RW 05 RT 04'),
	(91, 'MARIA KIDI', '5313037112370001', 'PEREMPUAN', 'RW 05 RT 05'),
	(92, 'PAULINA KEWA', '5313034301550003', 'PEREMPUAN', 'RW 05 RT 06'),
	(93, 'MARIA JAJI', '5313036308910003', 'PEREMPUAN', 'RW 05 RT 07'),
	(94, 'ALBERTUS PIDU', '5313034107570002', 'LAKI - LAKI', 'RW 05 RT 08'),
	(95, 'TRESIA ABON', '5313034107480002', 'PEREMPUAN', 'RW 05 RT 09'),
	(96, 'AGUSTINA JAJI', '5313035105770001', 'PEREMPUAN', 'RW 05 RT 10'),
	(97, 'MARIA ANU', '5313035608860001', 'PEREMPUAN', 'RW 05 RT 11'),
	(98, 'HELENA HULU', '5313034811100002', 'PEREMPUAN', 'RW 05 RT 12'),
	(99, 'PRAKSEDIS SELAKA', '5313030601060002', 'PEREMPUAN', 'RW 05 RT 13'),
	(100, 'BEATRIX BOHUNG', '5313035508510001', 'PEREMPUAN', 'RW 05 RT 14'),
	(101, 'MARIA NURENG', '2531303510451000', 'PEREMPUAN', 'RW 05 RT 15'),
	(102, 'BENEDIKTA DAI', '5313034107560001', 'PEREMPUAN', 'RW 05 RT 16'),
	(103, 'MARGARETA BAREK', '5313035808710001', 'PEREMPUAN', 'RW 05 RT 17'),
	(104, 'ROSA TUTO', '5313034104360003', 'PEREMPUAN', 'RW 05 RT 18'),
	(105, 'YUSTINA JAJI', '5313034301800001', 'PEREMPUAN', 'RW 05 RT 19'),
	(106, 'YOSEPH SERAN', '5313036309820002', 'LAKI - LAKI', 'RW 05 RT 20'),
	(107, 'AGUSTINUS GEGA', '5313030107910001', 'LAKI - LAKI', 'RW 05 RT 21'),
	(108, 'ELISABETH BETO', '5313032105010002', 'PEREMPUAN', 'RW 06 RT 01'),
	(109, 'KRISTINA BULU', '5313034107400061', 'PEREMPUAN', 'RW 06 RT 02'),
	(110, 'MARIA L.DEI', '5313035004860002', 'PEREMPUAN', 'RW 06 RT 03'),
	(111, 'BERNADETE BERIBIN', '5313036706610000', 'PEREMPUAN', 'RW 06 RT 04'),
	(112, 'MARIA M. REMO', '5313036505790002', 'PEREMPUAN', 'RW 06 RT 05'),
	(113, 'VERONIKA NINI', '5313034107680001', 'PEREMPUAN', 'RW 06 RT 06'),
	(114, 'MARSELINA I. URI', '5313036504060001', 'PEREMPUAN', 'RW 06 RT 07'),
	(115, 'VINSENSIUS BRAMA', '5313031612830003', 'LAKI - LAKI', 'RW 06 RT 08'),
	(116, 'EMILIANA KIDI', '5313036707670002', 'PEREMPUAN', 'RW 06 RT 09'),
	(117, 'MAGDALENA EMI', '5313034107820001', 'PEREMPUAN', 'RW 06 RT 10'),
	(118, 'HILDEGUNDA RIMIS', '5313036604830001', 'PEREMPUAN', 'RW 06 RT 11'),
	(119, 'MARTINUS A. KELULI', '5313031304930002', 'LAKI - LAKI', 'RW 06 RT 12'),
	(120, 'MARSELINA UBA', '5313035904850003', 'PEREMPUAN', 'RW 06 RT 13'),
	(121, 'KOLEKTA SABU', '5313035603820001', 'PEREMPUAN', 'RW 06 RT 14'),
	(122, 'ROSA LEMA', '5313034107740000', 'PEREMPUAN', 'RW 06 RT 15'),
	(123, 'MARIA M. PALANG', '5313036503670002', 'PEREMPUAN', 'RW 06 RT 16'),
	(124, 'LUKAS GERODA', '5313031810990000', 'LAKI - LAKI', 'RW 06 RT 17'),
	(125, 'KORNELIA SOLOT', '5313034912720000', 'PEREMPUAN', 'RW 06 RT 18'),
	(126, 'THERESIA KEWA', '5313034107570030', 'PEREMPUAN', 'RW 06 RT 19'),
	(127, 'MARTHA TUTO', '5313034805660000', 'PEREMPUAN', 'RW 06 RT 20'),
	(128, 'SESARIUS RATU', '5313032708910001', 'LAKI - LAKI', 'RW 07 RT 01'),
	(129, 'MARIA I. KIDI', '5313036910540002', 'PEREMPUAN', 'RW 07 RT 02'),
	(130, 'THERESIA BOSO', '5313034107570010', 'PEREMPUAN', 'RW 07 RT 03'),
	(131, 'MONIKA ANU', '5313036601760000', 'PEREMPUAN', 'RW 07 RT 04'),
	(132, 'URSULA SIBA', '5313035911750002', 'PEREMPUAN', 'RW 07 RT 05'),
	(133, 'MARTINUS POTO', '5313031003830003', 'LAKI - LAKI', 'RW 07 RT 06'),
	(134, 'TRESIA SIMA', '7602077112920030', 'PEREMPUAN', 'RW 07 RT 07'),
	(135, 'YOHANES TAHO', '5313030206820001', 'LAKI - LAKI', 'RW 07 RT 08'),
	(136, 'MARTA TUTO', '5313035502780001', 'PEREMPUAN', 'RW 07 RT 09'),
	(137, 'URSULA UBA', '5313035202620001', 'PEREMPUAN', 'RW 07 RT 10'),
	(138, 'KATARINA KMANU', '5313055809930000', 'PEREMPUAN', 'RW 07 RT 11'),
	(139, 'THERISIA LELAONA', '5313035307620001', 'PEREMPUAN', 'RW 07 RT 12'),
	(140, 'BENEDIKTA BUNGA', '5313036103600002', 'PEREMPUAN', 'RW 07 RT 13'),
	(141, 'MARIA PENI', '5313034202400001', 'PEREMPUAN', 'RW 07 RT 14'),
	(142, 'PAULINA KIDI', '5313034107400002', 'PEREMPUAN', 'RW 07 RT 15'),
	(143, 'BERLINDIS TANI', '5313036609590000', 'PEREMPUAN', 'RW 07 RT 16'),
	(144, 'DOMINIKUS LEKI', '3130307108100010', 'LAKI - LAKI', 'RW 07 RT 17'),
	(145, 'GETRUDIS ABON', '5313035111610000', 'PEREMPUAN', 'RW 07 RT 18'),
	(146, 'LUSIA PUDE', '5313036506600001', 'PEREMPUAN', 'RW 07 RT 19'),
	(147, 'PETRUS SILI', '5313032703830002', 'LAKI - LAKI', 'RW 07 RT 20'),
	(148, 'MARGARETHA WARA', '5313034107570010', 'PEREMPUAN', 'RW 07 RT 21'),
	(149, 'BAHRUDIN BEDA', '5313032401940001', 'LAKI - LAKI', 'RW 07 RT 22'),
	(150, 'MARIA KEWA', '5313034105580002', 'PEREMPUAN', 'RW 08 RT 01'),
	(151, 'RAHIM ANWAR', '5313035309720001', 'LAKI - LAKI', 'RW 08 RT 02'),
	(152, 'MARKUS LANUS', '5313035301800001', 'LAKI - LAKI', 'RW 08 RT 03'),
	(153, 'IBSIR TUAN', '5313030107820002', 'LAKI - LAKI', 'RW 08 RT 04'),
	(154, 'ROFINUS MAKING', '5313034107810002', 'LAKI - LAKI', 'RW 08 RT 05'),
	(155, 'YULIUS GUNA', '5313034101850001', 'LAKI - LAKI', 'RW 08 RT 06'),
	(156, 'SELOMAN SELOPA', '5313034101700001', 'LAKI - LAKI', 'RW 08 RT 07'),
	(157, 'PETRUS NELU', '5313034305570002', 'LAKI - LAKI', 'RW 08 RT 08'),
	(158, 'KAROLUS ', '5313035002600001', 'LAKI - LAKI', 'RW 08 RT 09'),
	(159, 'FRANSISKUS LIU', '5313030107650020', 'LAKI - LAKI', 'RW 08 RT 10'),
	(160, 'MARIANUS LEMA', '5313035003710000', 'LAKI - LAKI', 'RW 08 RT 11'),
	(161, 'ASIA ANU', '5313034107790000', 'PEREMPUAN', 'RW 08 RT 12'),
	(162, 'AHKMAD KENA', '5313031004560000', 'LAKI - LAKI', 'RW 08 RT 13'),
	(163, 'JAMALUDIN OLA', '5313030107760001', 'LAKI - LAKI', 'RW 08 RT 14'),
	(164, 'MARIO BALU', '5313036004840002', 'LAKI - LAKI', 'RW 08 RT 15'),
	(165, 'AGUS PUHUNG', '5313034107610001', 'LAKI - LAKI', 'RW 08 RT 16'),
	(166, 'VIKTOR KALU', '5313036302840001', 'LAKI - LAKI', 'RW 08 RT 17'),
	(167, 'GENOVEVUS RUBA', '5313034301550001', 'LAKI - LAKI', 'RW 08 RT 18'),
	(168, 'MARIANUS JAJI', '5313034107570003', 'LAKI - LAKI', 'RW 08 RT 19'),
	(169, 'KRISTOFORUS KUSING', '5313034811870001', 'LAKI - LAKI', 'RW 08 RT 20'),
	(170, 'ALOYSIUS BALA', '5313035508510001', 'LAKI - LAKI', 'RW 08 RT 21'),
	(171, 'MARIANUS WEDA', '5313035104510001', 'LAKI - LAKI', 'RW 09 RT 01'),
	(172, 'KORNELIS DAMA', '5313035104610001', 'LAKI - LAKI', 'RW 09 RT 02'),
	(173, 'DOMINIKUS JAJI', '5313035104710001', 'LAKI - LAKI', 'RW 09 RT 03'),
	(174, 'PETRUS LERA', '5313035104520002', 'LAKI - LAKI', 'RW 09 RT 04'),
	(175, 'LAURENSIUS PANAHALA', '5313035104530002', 'LAKI - LAKI', 'RW 09 RT 05'),
	(176, 'ALOYSIUS KEDANG', '5313035104540001', 'LAKI - LAKI', 'RW 09 RT 06'),
	(177, 'YOHANES LASAN', '5313035104550001', 'LAKI - LAKI', 'RW 09 RT 07'),
	(178, 'YOHANES GORAN', '5313035104650001', 'LAKI - LAKI', 'RW 09 RT 08'),
	(179, 'THOMAS LILI', '5313035104620001', 'LAKI - LAKI', 'RW 09 RT 09'),
	(180, 'LONGGINUS HENA', '5313035103510001', 'LAKI - LAKI', 'RW 09 RT 10'),
	(181, 'MIKHAEL OLA', '5313035103610001', 'LAKI - LAKI', 'RW 09 RT 11'),
	(182, 'SUBAN LANGODAY', '5313035103520001', 'LAKI - LAKI', 'RW 09 RT 12'),
	(183, 'YEREMIAS SUBAN', '5313035104810001', 'LAKI - LAKI', 'RW 09 RT 13'),
	(184, 'HIRONIMUS ODI', '5313035104510021', 'LAKI - LAKI', 'RW 09 RT 14'),
	(185, 'SELESTINUS GERODA', '5313020104510001', 'LAKI - LAKI', 'RW 09 RT 15'),
	(186, 'DOMINIKUS HARU', '5313135104510001', 'LAKI - LAKI', 'RW 09 RT 16'),
	(187, 'SILVESTER RIDU', '5313125104510001', 'LAKI - LAKI', 'RW 09 RT 17'),
	(188, 'FERDINANDUS BADA', '5313035104530030', 'LAKI - LAKI', 'RW 09 RT 18'),
	(189, 'ROBERTUS UDJAN', '5313035104570001', 'LAKI - LAKI', 'RW 09 RT 19'),
	(190, 'ROBERTUS HUAR', '5313035104830001', 'LAKI - LAKI', 'RW 09 RT 20'),
	(191, 'RIKARDUS LIKU', '5313035204510002', 'LAKI - LAKI', 'RW 09 RT 21'),
	(192, 'STEPHANUS ', '5313035214510001', 'LAKI - LAKI', 'RW 10 RT 01'),
	(193, 'ARNOLDUS GORAN', '5313035224510001', 'LAKI - LAKI', 'RW 10 RT 02'),
	(194, 'AMBROSIUS LANANG', '5313035230510001', 'LAKI - LAKI', 'RW 10 RT 03'),
	(195, 'RAFAEL RATU', '5313033044510001', 'LAKI - LAKI', 'RW 10 RT 04'),
	(196, 'MIKEL OLA', '5313035204510001', 'LAKI - LAKI', 'RW 10 RT 05'),
	(197, 'FERDINANDUS TUBA', '5313037104510001', 'LAKI - LAKI', 'RW 10 RT 06'),
	(198, 'YOSEPH LUKU', '5313037125100002', 'LAKI - LAKI', 'RW 10 RT 07'),
	(199, 'MARIANUS LOE', '5313035104610001', 'LAKI - LAKI', 'RW 10 RT 08'),
	(200, 'MARKUS KALI', '5313035105520001', 'LAKI - LAKI', 'RW 10 RT 09'),
	(201, 'DOMINIKUS DANI', '5313035103510001', 'LAKI - LAKI', 'RW 10 RT 10'),
	(202, 'GASPAR UJAN', '5313035103610001', 'LAKI - LAKI', 'RW 10 RT 11'),
	(203, 'APOLONARIS ', '5313035103710001', 'LAKI - LAKI', 'RW 10 RT 12'),
	(204, 'PATRISIUS PATI', '5313035102110001', 'LAKI - LAKI', 'RW 10 RT 13'),
	(205, 'XAVERIUS GORAN', '5313023454510001', 'LAKI - LAKI', 'RW 10 RT 14'),
	(206, 'ALOYSIUS PANAHALA', '5313023564510001', 'LAKI - LAKI', 'RW 10 RT 15'),
	(207, 'HENDRIKUS GEMA', '5313032367510001', 'LAKI - LAKI', 'RW 10 RT 16'),
	(208, 'MATIAS LUKU', '5313034567510001', 'LAKI - LAKI', 'RW 10 RT 17'),
	(209, 'OKTOVIANUS MAKING', '5313034563510001', 'LAKI - LAKI', 'RW 10 RT 18'),
	(210, 'VIDIANUS MATARAU', '5313023974510001', 'LAKI - LAKI', 'RW 10 RT 19'),
	(211, 'ROFINUS ', '5313045604510001', 'LAKI - LAKI', 'RW 10 RT 20'),
	(212, 'MATIAS LEGA', '5313033474510002', 'LAKI - LAKI', 'RW 11 RT 01'),
	(213, 'TOTE MAKING', '5313023104510001', 'LAKI - LAKI', 'RW 11 RT 02'),
	(214, 'SIPRIANUS DORE', '5313035376510001', 'LAKI - LAKI', 'RW 11 RT 03'),
	(215, 'TORA NILAN', '5313032764510001', 'LAKI - LAKI', 'RW 11 RT 04'),
	(216, 'ENGKI UKENG', '5313035123510001', 'LAKI - LAKI', 'RW 11 RT 05'),
	(217, 'DONASIUS L. MAKING', '5313035126710001', 'LAKI - LAKI', 'RW 11 RT 06'),
	(218, 'ARIOS NILAN', '5313035103610001', 'LAKI - LAKI', 'RW 11 RT 07'),
	(219, 'SEBASTIANUS MAKING', '5313035604510001', 'LAKI - LAKI', 'RW 11 RT 08'),
	(220, 'ZAKARIAS SARI', '5313035764510001', 'LAKI - LAKI', 'RW 11 RT 09'),
	(221, 'ALEXANDRO GELEKAT', '5313035344510001', 'LAKI - LAKI', 'RW 11 RT 10'),
	(222, 'GEFRIN URBANUS', '5313023404510001', 'LAKI - LAKI', 'RW 11 RT 11'),
	(223, 'HENDIANUS', '5313036574510001', 'LAKI - LAKI', 'RW 11 RT 12'),
	(224, 'FRANSISKUS GEMAR', '5313075304510001', 'LAKI - LAKI', 'RW 11 RT 13'),
	(225, 'XAVERIUS ROMA', '5313033876510001', 'LAKI - LAKI', 'RW 11 RT 14'),
	(226, 'MARIA KEWA', '5313035864510001', 'PEREMPUAN', 'RW 11 RT 15'),
	(256, 'neni', '908078789', 'P', 'surabaya'),
	(257, 'emil', '218078789', 'P', 'surabaya');
/*!40000 ALTER TABLE `penduduk` ENABLE KEYS */;

-- Dumping structure for table spk_km.perhitungan
CREATE TABLE IF NOT EXISTS `perhitungan` (
  `ID_HITUNG` int(11) NOT NULL AUTO_INCREMENT,
  `ID_KRITERIA` int(11) NOT NULL,
  `HASIL_HITUNG` float NOT NULL,
  `STATUS` enum('LAYAK','TIDAK LAYAK') NOT NULL DEFAULT 'LAYAK',
  PRIMARY KEY (`ID_HITUNG`),
  KEY `FK_perhitungan_kriteria` (`ID_KRITERIA`),
  CONSTRAINT `FK_perhitungan_kriteria` FOREIGN KEY (`ID_KRITERIA`) REFERENCES `alternatif` (`ID_KRITERIA`)
) ENGINE=InnoDB AUTO_INCREMENT=233 DEFAULT CHARSET=latin1;

-- Dumping data for table spk_km.perhitungan: ~228 rows (approximately)
/*!40000 ALTER TABLE `perhitungan` DISABLE KEYS */;
INSERT INTO `perhitungan` (`ID_HITUNG`, `ID_KRITERIA`, `HASIL_HITUNG`, `STATUS`) VALUES
	(1, 1, 0.413333, 'TIDAK LAYAK'),
	(2, 2, 0.703333, 'LAYAK'),
	(3, 3, 0.603333, 'LAYAK'),
	(4, 4, 0.456667, 'TIDAK LAYAK'),
	(5, 5, 0.61, 'LAYAK'),
	(6, 6, 0.516667, 'LAYAK'),
	(7, 7, 0.713333, 'LAYAK'),
	(8, 8, 0.49, 'TIDAK LAYAK'),
	(9, 9, 0.523333, 'LAYAK'),
	(10, 10, 0.53, 'LAYAK'),
	(11, 11, 0.636667, 'LAYAK'),
	(12, 12, 0.563333, 'LAYAK'),
	(13, 13, 0.656667, 'LAYAK'),
	(14, 14, 0.383333, 'TIDAK LAYAK'),
	(15, 15, 0.47, 'TIDAK LAYAK'),
	(16, 16, 0.37, 'TIDAK LAYAK'),
	(17, 17, 0.58, 'LAYAK'),
	(18, 18, 0.54, 'LAYAK'),
	(19, 19, 0.493333, 'TIDAK LAYAK'),
	(20, 20, 0.683333, 'LAYAK'),
	(21, 21, 0.513333, 'LAYAK'),
	(22, 22, 0.583333, 'LAYAK'),
	(23, 23, 0.47, 'TIDAK LAYAK'),
	(24, 24, 0.39, 'TIDAK LAYAK'),
	(25, 25, 0.32, 'TIDAK LAYAK'),
	(26, 26, 0.69, 'LAYAK'),
	(27, 27, 0.466667, 'TIDAK LAYAK'),
	(28, 28, 0.66, 'LAYAK'),
	(29, 29, 0.506667, 'LAYAK'),
	(30, 30, 0.47, 'TIDAK LAYAK'),
	(31, 31, 0.6, 'LAYAK'),
	(32, 32, 0.533333, 'LAYAK'),
	(33, 33, 0.606667, 'LAYAK'),
	(34, 34, 0.44, 'TIDAK LAYAK'),
	(35, 35, 0.453333, 'TIDAK LAYAK'),
	(36, 36, 0.6, 'LAYAK'),
	(37, 37, 0.503333, 'LAYAK'),
	(38, 38, 0.62, 'LAYAK'),
	(39, 39, 0.24, 'TIDAK LAYAK'),
	(40, 40, 0.456667, 'TIDAK LAYAK'),
	(41, 41, 0.52, 'LAYAK'),
	(42, 42, 0.583333, 'LAYAK'),
	(43, 43, 0.43, 'TIDAK LAYAK'),
	(44, 44, 0.466667, 'TIDAK LAYAK'),
	(45, 45, 0.416667, 'TIDAK LAYAK'),
	(46, 46, 0.54, 'LAYAK'),
	(47, 47, 0.233333, 'TIDAK LAYAK'),
	(48, 48, 0.57, 'LAYAK'),
	(49, 49, 0.683333, 'LAYAK'),
	(50, 50, 0.546667, 'LAYAK'),
	(51, 51, 0.54, 'LAYAK'),
	(52, 52, 0.74, 'LAYAK'),
	(53, 53, 0.606667, 'LAYAK'),
	(54, 54, 0.753333, 'LAYAK'),
	(55, 55, 0.69, 'LAYAK'),
	(56, 56, 0.42, 'TIDAK LAYAK'),
	(57, 57, 0.423333, 'TIDAK LAYAK'),
	(58, 58, 0.51, 'LAYAK'),
	(59, 59, 0.516667, 'LAYAK'),
	(60, 60, 0.473333, 'TIDAK LAYAK'),
	(61, 61, 0.763333, 'LAYAK'),
	(62, 62, 0.446667, 'TIDAK LAYAK'),
	(63, 63, 0.59, 'LAYAK'),
	(64, 64, 0.383333, 'TIDAK LAYAK'),
	(65, 65, 0.506667, 'LAYAK'),
	(66, 66, 0.483333, 'TIDAK LAYAK'),
	(67, 67, 0.406667, 'TIDAK LAYAK'),
	(68, 68, 0.41, 'TIDAK LAYAK'),
	(69, 69, 0.41, 'TIDAK LAYAK'),
	(70, 70, 0.39, 'TIDAK LAYAK'),
	(71, 71, 0.416667, 'TIDAK LAYAK'),
	(72, 72, 0.316667, 'TIDAK LAYAK'),
	(73, 73, 0.553333, 'LAYAK'),
	(74, 74, 0.57, 'LAYAK'),
	(75, 75, 0.33, 'TIDAK LAYAK'),
	(76, 76, 0.49, 'TIDAK LAYAK'),
	(77, 77, 0.44, 'TIDAK LAYAK'),
	(78, 78, 0.596667, 'LAYAK'),
	(79, 79, 0.58, 'LAYAK'),
	(80, 80, 0.503333, 'LAYAK'),
	(81, 81, 0.39, 'TIDAK LAYAK'),
	(82, 82, 0.53, 'LAYAK'),
	(83, 83, 0.236667, 'TIDAK LAYAK'),
	(84, 84, 0.36, 'TIDAK LAYAK'),
	(85, 85, 0.376667, 'TIDAK LAYAK'),
	(86, 86, 0.506667, 'LAYAK'),
	(87, 87, 0.403333, 'TIDAK LAYAK'),
	(88, 88, 0.45, 'TIDAK LAYAK'),
	(89, 89, 0.596667, 'LAYAK'),
	(90, 90, 0.513333, 'LAYAK'),
	(91, 91, 0.366667, 'TIDAK LAYAK'),
	(92, 92, 0.576667, 'LAYAK'),
	(93, 93, 0.343333, 'TIDAK LAYAK'),
	(94, 94, 0.406667, 'TIDAK LAYAK'),
	(95, 95, 0.616667, 'LAYAK'),
	(96, 96, 0.626667, 'LAYAK'),
	(97, 97, 0.53, 'LAYAK'),
	(98, 98, 0.446667, 'TIDAK LAYAK'),
	(99, 99, 0.58, 'LAYAK'),
	(100, 100, 0.623333, 'LAYAK'),
	(101, 101, 0.586667, 'LAYAK'),
	(102, 102, 0.583333, 'LAYAK'),
	(103, 103, 0.53, 'LAYAK'),
	(104, 104, 0.62, 'LAYAK'),
	(105, 105, 0.44, 'TIDAK LAYAK'),
	(106, 106, 0.396667, 'TIDAK LAYAK'),
	(107, 107, 0.436667, 'TIDAK LAYAK'),
	(108, 108, 0.486667, 'TIDAK LAYAK'),
	(109, 109, 0.4, 'TIDAK LAYAK'),
	(110, 110, 0.44, 'TIDAK LAYAK'),
	(111, 111, 0.336667, 'TIDAK LAYAK'),
	(112, 112, 0.55, 'LAYAK'),
	(113, 113, 0.406667, 'TIDAK LAYAK'),
	(114, 114, 0.38, 'TIDAK LAYAK'),
	(115, 115, 0.55, 'LAYAK'),
	(116, 116, 0.4, 'TIDAK LAYAK'),
	(117, 117, 0.443333, 'TIDAK LAYAK'),
	(118, 118, 0.42, 'TIDAK LAYAK'),
	(119, 119, 0.57, 'LAYAK'),
	(120, 120, 0.293333, 'TIDAK LAYAK'),
	(121, 121, 0.46, 'TIDAK LAYAK'),
	(122, 122, 0.403333, 'TIDAK LAYAK'),
	(123, 123, 0.36, 'TIDAK LAYAK'),
	(124, 124, 0.48, 'TIDAK LAYAK'),
	(125, 125, 0.66, 'LAYAK'),
	(126, 126, 0.44, 'TIDAK LAYAK'),
	(127, 127, 0.223333, 'TIDAK LAYAK'),
	(128, 128, 0.573333, 'LAYAK'),
	(129, 129, 0.343333, 'TIDAK LAYAK'),
	(130, 130, 0.366667, 'TIDAK LAYAK'),
	(131, 131, 0.536667, 'LAYAK'),
	(132, 132, 0.24, 'TIDAK LAYAK'),
	(133, 133, 0.386667, 'TIDAK LAYAK'),
	(134, 134, 0.543333, 'LAYAK'),
	(135, 135, 0.663333, 'LAYAK'),
	(136, 136, 0.49, 'TIDAK LAYAK'),
	(137, 137, 0.5, 'TIDAK LAYAK'),
	(138, 138, 0.57, 'LAYAK'),
	(139, 139, 0.63, 'LAYAK'),
	(140, 140, 0.306667, 'TIDAK LAYAK'),
	(141, 141, 0.5, 'TIDAK LAYAK'),
	(142, 142, 0.37, 'TIDAK LAYAK'),
	(143, 143, 0.443333, 'TIDAK LAYAK'),
	(144, 144, 0.356667, 'TIDAK LAYAK'),
	(145, 145, 0.43, 'TIDAK LAYAK'),
	(146, 146, 0.533333, 'LAYAK'),
	(147, 147, 0.473333, 'TIDAK LAYAK'),
	(148, 148, 0.383333, 'TIDAK LAYAK'),
	(149, 149, 0.413333, 'TIDAK LAYAK'),
	(150, 150, 0.433333, 'TIDAK LAYAK'),
	(151, 151, 0.49, 'TIDAK LAYAK'),
	(152, 152, 0.55, 'LAYAK'),
	(153, 153, 0.526667, 'LAYAK'),
	(154, 154, 0.503333, 'LAYAK'),
	(155, 155, 0.586667, 'LAYAK'),
	(156, 156, 0.423333, 'TIDAK LAYAK'),
	(157, 157, 0.676667, 'LAYAK'),
	(158, 158, 0.423333, 'TIDAK LAYAK'),
	(159, 159, 0.386667, 'TIDAK LAYAK'),
	(160, 160, 0.43, 'TIDAK LAYAK'),
	(161, 161, 0.446667, 'TIDAK LAYAK'),
	(162, 162, 0.3, 'TIDAK LAYAK'),
	(163, 163, 0.446667, 'TIDAK LAYAK'),
	(164, 164, 0.56, 'LAYAK'),
	(165, 165, 0.53, 'LAYAK'),
	(166, 166, 0.496667, 'TIDAK LAYAK'),
	(167, 167, 0.693333, 'LAYAK'),
	(168, 168, 0.723333, 'LAYAK'),
	(169, 169, 0.503333, 'LAYAK'),
	(170, 170, 0.406667, 'TIDAK LAYAK'),
	(171, 171, 0.293333, 'TIDAK LAYAK'),
	(172, 172, 0.376667, 'TIDAK LAYAK'),
	(173, 173, 0.43, 'TIDAK LAYAK'),
	(174, 174, 0.72, 'LAYAK'),
	(175, 175, 0.46, 'TIDAK LAYAK'),
	(176, 176, 0.553333, 'LAYAK'),
	(177, 177, 0.43, 'TIDAK LAYAK'),
	(178, 178, 0.483333, 'TIDAK LAYAK'),
	(179, 179, 0.533333, 'LAYAK'),
	(180, 180, 0.65, 'LAYAK'),
	(181, 181, 0.59, 'LAYAK'),
	(182, 182, 0.463333, 'TIDAK LAYAK'),
	(183, 183, 0.31, 'TIDAK LAYAK'),
	(184, 184, 0.65, 'LAYAK'),
	(185, 185, 0.35, 'TIDAK LAYAK'),
	(186, 186, 0.36, 'TIDAK LAYAK'),
	(187, 187, 0.33, 'TIDAK LAYAK'),
	(188, 188, 0.366667, 'TIDAK LAYAK'),
	(189, 189, 0.706667, 'LAYAK'),
	(190, 190, 0.46, 'TIDAK LAYAK'),
	(191, 191, 0.466667, 'TIDAK LAYAK'),
	(192, 192, 0.243333, 'TIDAK LAYAK'),
	(193, 193, 0.35, 'TIDAK LAYAK'),
	(194, 194, 0.526667, 'LAYAK'),
	(195, 195, 0.46, 'TIDAK LAYAK'),
	(196, 196, 0.666667, 'LAYAK'),
	(197, 197, 0.54, 'LAYAK'),
	(198, 198, 0.51, 'LAYAK'),
	(199, 199, 0.363333, 'TIDAK LAYAK'),
	(200, 200, 0.626667, 'LAYAK'),
	(201, 201, 0.716667, 'LAYAK'),
	(202, 202, 0.583333, 'LAYAK'),
	(203, 203, 0.643333, 'LAYAK'),
	(204, 204, 0.543333, 'LAYAK'),
	(205, 205, 0.513333, 'LAYAK'),
	(206, 206, 0.596667, 'LAYAK'),
	(207, 207, 0.376667, 'TIDAK LAYAK'),
	(208, 208, 0.34, 'TIDAK LAYAK'),
	(209, 209, 0.5, 'TIDAK LAYAK'),
	(210, 210, 0.516667, 'LAYAK'),
	(211, 211, 0.306667, 'TIDAK LAYAK'),
	(212, 212, 0.426667, 'TIDAK LAYAK'),
	(213, 213, 0.556667, 'LAYAK'),
	(214, 214, 0.503333, 'LAYAK'),
	(215, 215, 0.51, 'LAYAK'),
	(216, 216, 0.486667, 'TIDAK LAYAK'),
	(217, 217, 0.403333, 'TIDAK LAYAK'),
	(218, 218, 0.583333, 'LAYAK'),
	(219, 219, 0.526667, 'LAYAK'),
	(220, 220, 0.523333, 'LAYAK'),
	(221, 221, 0.476667, 'TIDAK LAYAK'),
	(222, 222, 0.626667, 'LAYAK'),
	(223, 223, 0.683333, 'LAYAK'),
	(224, 224, 0.456667, 'TIDAK LAYAK'),
	(225, 225, 0.47, 'TIDAK LAYAK'),
	(226, 226, 0.263333, 'TIDAK LAYAK'),
	(231, 261, 0.96, 'LAYAK'),
	(232, 262, 0.813333, 'LAYAK');
/*!40000 ALTER TABLE `perhitungan` ENABLE KEYS */;

-- Dumping structure for table spk_km.user
CREATE TABLE IF NOT EXISTS `user` (
  `ID_USER` int(11) NOT NULL AUTO_INCREMENT,
  `NAMA_USER` varchar(50) NOT NULL,
  `PASSW` varchar(50) NOT NULL,
  `STATUS_USER` enum('PEMDES','ADMIN') NOT NULL DEFAULT 'PEMDES',
  PRIMARY KEY (`ID_USER`)
) ENGINE=InnoDB AUTO_INCREMENT=4 DEFAULT CHARSET=latin1;

-- Dumping data for table spk_km.user: ~2 rows (approximately)
/*!40000 ALTER TABLE `user` DISABLE KEYS */;
INSERT INTO `user` (`ID_USER`, `NAMA_USER`, `PASSW`, `STATUS_USER`) VALUES
	(1, 'emil', 'emil', 'ADMIN'),
	(2, 'neni', 'isnaeni', 'PEMDES');
/*!40000 ALTER TABLE `user` ENABLE KEYS */;

/*!40101 SET SQL_MODE=IFNULL(@OLD_SQL_MODE, '') */;
/*!40014 SET FOREIGN_KEY_CHECKS=IFNULL(@OLD_FOREIGN_KEY_CHECKS, 1) */;
/*!40101 SET CHARACTER_SET_CLIENT=@OLD_CHARACTER_SET_CLIENT */;
/*!40111 SET SQL_NOTES=IFNULL(@OLD_SQL_NOTES, 1) */;
